State,Gender,2000,2001,2002,2003,2004,2005,2006,2007,2008,2009,2010,2011,2012,2013,2014,2015,2016
Burundi,Females,,,,,,,,,,,,,,  97 ,  102 ,  78 ,  123
Burundi,Males,,,,,,,,,,,,,,  423 ,  462 ,  383 ,  512
Comoros,Females,,,,,,,,,,,,,,,,  14 ,
Comoros,Males,,,,,,,,,,,,,,,,  46 ,
Djibouti,Females,,,,,,,,,,,,,,,,  11 ,
Djibouti,Males,,,,,,,,,,,,,,,,  49 ,
Eritrea,Females,,,,,,,,,,,,,,,,  83 ,
Eritrea,Males,,,,,,,,,,,,,,,,  307 ,
Ethiopia,Females,,,,,,,,,,,,,,,,  1932 ,
Ethiopia,Males,,,,,,,,,,,,,,,,  5620 ,
Kenya,Females,,,,,,,,,,,,,,,  522 ,  611 ,  639
Kenya,Males,,,,,,,,,,,,,,,  1783 ,  1650 ,  1724
Madagascar,Females,,,,,,,,,,,,,,,,  395 ,
Madagascar,Males,,,,,,,,,,,,,,,,  1467 ,
Malawi,Females,,,,,,,,,,,,,  63 ,,,,
Malawi,Males,,,,,,,,,,,,,  216 ,,,,
Mauritius,Females,  11 ,,,  11 ,  7 ,  13 ,  13 ,  12 ,  18 ,  16 ,  8 ,  8 ,  10 ,  11 ,  8 ,  6 ,  10
Mauritius,Males,  15 ,,,  28 ,  28 ,  24 ,  37 ,  33 ,  30 ,  22 ,  25 ,  26 ,  19 ,  24 ,  11 ,  15 ,  13
Mozambique,Females,,,,,,,,,,,,  142 ,,,,,
Mozambique,Males,,,,,,,,,,,,  707 ,,,,,
Réunion,Females,,,,,  10 ,  7 ,  8 ,  8 ,  5 ,  6 ,,,,,,,
Réunion,Males,,,,,  13 ,  18 ,  11 ,  16 ,  14 ,  9 ,,,,,,,
Rwanda,Females,,,,,,,,,,,,,,,,  65 ,
Rwanda,Males,,,,,,,,,,,,,,,,  228 ,
Seychelles,Females,,,,,  2 ,,  3 ,  1 ,  1 ,  3 ,  1 ,  5 ,  0 ,  7 ,  2 ,,
Seychelles,Males,,,,,  8 ,,  6 ,  7 ,  5 ,  11 ,  8 ,  11 ,  4 ,  11 ,  14 ,,
Somalia,Females,,,,,,,,,,,,,,,,  151 ,
Somalia,Males,,,,,,,,,,,,,,,,  448 ,
South Sudan,Females,,,,,,,,,,,,,  333 ,,,,
South Sudan,Males,,,,,,,,,,,,,  1171 ,,,,
Uganda,Females,,,,,,,,,  385 ,,  600 ,  743 ,  741 ,  791 ,  841 ,,
Uganda,Males,,,,,,,,,  2408 ,,  2560 ,  3010 ,  3325 ,  3066 ,  3632 ,,
United Republic of Tanzania,Females,,,,,,,,,,,  550 ,  557 ,  521 ,  494 ,  879 ,  671 ,
United Republic of Tanzania,Males,,,,,,,,,,,  3338 ,  3592 ,  3571 ,  3203 ,  3023 ,  3075 ,
Zambia,Females,,,,,,,,,,,,,,,,  168 ,
Zambia,Males,,,,,,,,,,,,,,,,  685 ,
Zimbabwe,Females,,,,,,,,,,,,,  154 ,,,,
Zimbabwe,Males,,,,,,,,,,,,,  827 ,,,,
Angola,Females,,,,,,,,,,,,,  263 ,,,,
Angola,Males,,,,,,,,,,,,,  954 ,,,,
Cameroon,Females,,,,,,,,,,,,,  161 ,,,,
Cameroon,Males,,,,,,,,,,,,,  719 ,,,,
Central African Republic,Females,,,,,,,,,,,,,,,,,  243
Central African Republic,Males,,,,,,,,,,,,,,,,,  670
Chad,Females,,,,,,,,,,,,,,,,  254 ,
Chad,Males,,,,,,,,,,,,,,,,  1013 ,
Congo,Females,,,,,,,,,,,,,,,,  112 ,
Congo,Males,,,,,,,,,,,,,,,,  353 ,
Democratic Republic of the Congo,Females,,,,,,,,,,,,,,,,  1964 ,
Democratic Republic of the Congo,Males,,,,,,,,,,,,,,,,  8358 ,
Equatorial Guinea,Females,,,,,,,,,,,,,,,,  5 ,
Equatorial Guinea,Males,,,,,,,,,,,,,,,,  22 ,
Gabon,Females,,,,,,,,,,,,,,,,  30 ,
Gabon,Males,,,,,,,,,,,,,,,,  125 ,
Sao Tome and Principe,Females,,,,,,,,,,,,  1 ,,,,,
Sao Tome and Principe,Males,,,,,,,,,,,,  5 ,,,,,
Algeria,Females,,,,,,,,,,,,,,,  85 ,  73 ,
Algeria,Males,,,,,,,,,,,,,,,  492 ,  469 ,
Egypt,Females,,,,,  52 ,  63 ,  144 ,  163 ,  110 ,  193 ,  197 ,  331 ,  262 ,,,,
Egypt,Males,,,,,  270 ,  459 ,  405 ,  517 ,  857 ,  719 ,  1642 ,  2372 ,  1945 ,,,,
Libya,Females,,,,,,,,,,,,,,,,  30 ,
Libya,Males,,,,,,,,,,,,,,,,  126 ,
Morocco,Females,,,,,,,,,,  53 ,,,  56 ,  66 ,,  97 ,
Morocco,Males,,,,,,,,,,  379 ,,,  327 ,  363 ,,  334 ,
Sudan,Females,,,,,,,,,  392 ,,,,,,,,
Sudan,Males,,,,,,,,,  1310 ,,,,,,,,
Tunisia,Females,,,,,,,,,,,,,  57 ,,,,
Tunisia,Males,,,,,,,,,,,,,  275 ,,,,
Botswana,Females,,,,,,,,,,,  25 ,,,,,,
Botswana,Males,,,,,,,,,,,  278 ,,,,,,
Lesotho,Females,,,,,,,,,,,,,,,,  100 ,
Lesotho,Males,,,,,,,,,,,,,,,,  797 ,
Namibia,Females,,,,,,,,,,,,,  41 ,,,,
Namibia,Males,,,,,,,,,,,,,  347 ,,,,
South Africa,Females,,,,,,,  2727 ,  2679 ,  2546 ,  2596 ,  2742 ,  2400 ,,,,,
South Africa,Males,,,,,,,  16379 ,  15721 ,  15538 ,  14171 ,  13151 ,  13154 ,,,,,
Swaziland,Females,,,,,,,,,,,  28 ,,,,,,
Swaziland,Males,,,,,,,,,,,  180 ,,,,,,
Benin,Females,,,,,,,,,,,,,,,,  127 ,
Benin,Males,,,,,,,,,,,,,,,,  527 ,
Burkina Faso,Females,,,,,,,,,,,,,,,,  17 ,
Burkina Faso,Males,,,,,,,,,,,,,,,,  50 ,
Cabo Verde,Females,,,,,,,,,,,,  7 ,  10 ,  7 ,  15 ,  7 ,
Cabo Verde,Males,,,,,,,,,,,,  46 ,  46 ,  47 ,  50 ,  39 ,
Côte d'Ivoire,Females,,,,,,,,,,,,,,,,  855 ,
Côte d'Ivoire,Males,,,,,,,,,,,,,,,,  1833 ,
Gambia,Females,,,,,,,,,,,,,,,,  18 ,
Gambia,Males,,,,,,,,,,,,,,,,  163 ,
Ghana,Females,,,,,,,,,,,,  125 ,,,,,
Ghana,Males,,,,,,,,,,,,  298 ,,,,,
Guinea,Females,,,,,,,,,,,,,,,,  231 ,
Guinea,Males,,,,,,,,,,,,,,,,  836 ,
Guinea-Bissau,Females,,,,,,,,,,,,,,,,  77 ,
Guinea-Bissau,Males,,,,,,,,,,,,,,,,  92 ,
Liberia,Females,,,,,,,,,,,,,  29 ,,,,
Liberia,Males,,,,,,,,,,,,,  106 ,,,,
Mali,Females,,,,,,,,,,,,,,,,  445 ,
Mali,Males,,,,,,,,,,,,,,,,  1459 ,
Mauritania,Females,,,,,,,,,,,,,,,,  107 ,
Mauritania,Males,,,,,,,,,,,,,,,,  308 ,
Niger,Females,,,,,,,,,,,,,  173 ,,,,
Niger,Males,,,,,,,,,,,,,  615 ,,,,
Nigeria,Females,,,,,,,,,,,,,,,,  4441 ,
Nigeria,Males,,,,,,,,,,,,,,,,  13402 ,
Senegal,Females,,,,,,,,,,,,,,,,  204 ,
Senegal,Males,,,,,,,,,,,,,,,,  901 ,
Sierra Leone,Females,,,,,,,,,,,,,,,,  27 ,
Sierra Leone,Males,,,,,,,,,,,,,,,,  97 ,
Togo,Females,,,,,,,,,,,,,,,,  118 ,
Togo,Males,,,,,,,,,,,,,,,,  549 ,
Antigua and Barbuda,Females,,  1 ,  1 ,,,,,,  5 ,,,,,,,,
Antigua and Barbuda,Males,,  6 ,  4 ,,,,,,  11 ,,,,,,,,
Aruba,Females,,  2 ,  1 ,  1 ,  0   ,  1 ,  1 ,  0   ,  1 ,  1 ,  0   ,  0   ,  1 ,  1 ,  0   ,,
Aruba,Males,,  2 ,  4 ,  3 ,  2 ,  5 ,  4 ,  3 ,  4 ,  3 ,  4 ,  2 ,  3 ,  5 ,  2 ,,
Bahamas,Females,  16 ,  5 ,  12 ,  6 ,  2 ,  8 ,  5 ,  8 ,  7 ,  10 ,  14 ,  16 ,  10 ,,,,
Bahamas,Males,  58 ,  38 ,  40 ,  44 ,  42 ,  44 ,  56 ,  70 ,  66 ,  77 ,  80 ,  111 ,  101 ,,,,
Barbados,Females,  5 ,  4 ,  8 ,  11 ,  1 ,  9 ,  2 ,  6 ,  4 ,  3 ,  8 ,  2 ,  2 ,  7 ,  3 ,  3 ,
Barbados,Males,  15 ,  21 ,  18 ,  22 ,  21 ,  20 ,  33 ,  19 ,  19 ,  16 ,  23 ,  25 ,  20 ,  17 ,  22 ,  28 ,
British Virgin Islands,Females,,  0   ,  0   ,  1 ,  1 ,,  1 ,,,,,,,,,,
British Virgin Islands,Males,,  1 ,  1 ,  1 ,  3 ,,  1 ,,,,,,,,,,
Cayman Islands,Females,  1 ,  1 ,,  1 ,  1 ,  0   ,  1 ,  1 ,  0   ,  1 ,  0   ,,,  0   ,  0   ,,
Cayman Islands,Males,  3 ,  1 ,,  2 ,  4 ,  3 ,  0   ,  1 ,  4 ,  7 ,  9 ,,,  5 ,  5 ,,
Cuba,Females,  155 ,  159 ,  185 ,  153 ,  146 ,  168 ,  133 ,  139 ,  120 ,  153 ,  126 ,  132 ,  138 ,  147 ,  156 ,  139 ,  121
Cuba,Males,  432 ,  446 ,  476 ,  489 ,  514 ,  516 ,  443 ,  429 ,  395 ,  412 ,  379 ,  402 ,  483 ,  527 ,  444 ,  480 ,  451
Curaçao,Females,,  2 ,  6 ,  2 ,  7 ,  6 ,  3 ,  3 ,,,,,,,,,
Curaçao,Males,,  8 ,  33 ,  41 ,  34 ,  20 ,  15 ,  23 ,,,,,,,,,
Dominica,Females,,  1 ,  0   ,  2 ,,,,,  2 ,,  2 ,  0   ,,,,,
Dominica,Males,,  0   ,  9 ,  6 ,,,,,  5 ,,  13 ,  6 ,,,,,
Dominican Republic,Females,,,,,,  214 ,  180 ,  175 ,  187 ,  180 ,  210 ,  233 ,  201 ,,  187 ,,  170
Dominican Republic,Males,,,,,,  2180 ,  1964 ,  1936 ,  2207 ,  2195 ,  2264 ,  2280 ,  2067 ,,  1623 ,,  1446
Grenada,Females,,,,,,  3 ,  3 ,  2 ,  2 ,  3 ,  2 ,  1 ,  5 ,  2 ,  3 ,  2 ,  3
Grenada,Males,,,,,,  8 ,  9 ,  9 ,  14 ,  4 ,  8 ,  3 ,  9 ,  4 ,  5 ,  4 ,  8
Guadeloupe,Females,,,,,  9 ,  2 ,  7 ,,  8 ,  5 ,,,,,,,
Guadeloupe,Males,,,,,  17 ,  21 ,  17 ,,  24 ,  31 ,,,,,,,
Haiti,Females,,,,,,,,,,,,,  236 ,,,,
Haiti,Males,,,,,,,,,,,,,  797 ,,,,
Jamaica,Females,,,,,,  186 ,  152 ,  151 ,  165 ,  156 ,  145 ,  119 ,  127 ,  130 ,  100 ,  116 ,  135
Jamaica,Males,,,,,,  1488 ,  1188 ,  1433 ,  1454 ,  1527 ,  1302 ,  1014 ,  972 ,  1071 ,  905 ,  1092 ,  1219
Martinique,Females,,,,,,,  5 ,  5 ,  4 ,  3 ,,,,,,,
Martinique,Males,,,,,,,  18 ,  18 ,  13 ,  8 ,,,,,,,
Montserrat,Females,  0   ,  0   ,  0   ,  0   ,  0   ,  0   ,  0   ,,  0   ,,,,  1 ,,,,
Montserrat,Males,  0   ,  0   ,  0   ,  0   ,  0   ,  1 ,  1 ,,  1 ,,,,  0   ,,,,
Puerto Rico,Females,  71 ,  55 ,  59 ,  53 ,  63 ,  57 ,  41 ,  54 ,  57 ,  54 ,  62 ,  86 ,  71 ,  56 ,  45 ,  34 ,  57
Puerto Rico,Males,  624 ,  692 ,  722 ,  734 ,  734 ,  714 ,  707 ,  676 ,  758 ,  847 ,  955 ,  1078 ,  933 ,  846 ,  655 ,  585 ,  622
Saint Kitts and Nevis,Females,,  2 ,  0   ,  0   ,  0   ,,,,,  3 ,  2 ,  1 ,,,,,
Saint Kitts and Nevis,Males,,  4 ,  5 ,  10 ,  11 ,,,,,  24 ,  19 ,  33 ,,,,,
Saint Lucia,Females,  2 ,,  7 ,  2 ,  4 ,,,,,  6 ,  6 ,  7 ,  6 ,  5 ,  0   ,,
Saint Lucia,Males,  21 ,,  35 ,  34 ,  33 ,,,,,  33 ,  39 ,  39 ,  33 ,  28 ,  34 ,,
Saint Vincent and the Grenadines,Females,,,,,  6 ,  7 ,  6 ,  9 ,  3 ,  3 ,  3 ,,,,,,  4
Saint Vincent and the Grenadines,Males,,,,,  23 ,  19 ,  14 ,  31 ,  13 ,  20 ,  22 ,,,,,,  36
Trinidad and Tobago,Females,,,,,  26 ,  39 ,  34 ,  30 ,  57 ,  40 ,  53 ,  30 ,  45 ,  40 ,  45 ,  29 ,
Trinidad and Tobago,Males,,,,,  234 ,  347 ,  337 ,  361 ,  490 ,  467 ,  420 ,  322 ,  335 ,  368 ,  360 ,  391 ,
Turks and Caicos Islands,Females,,,  0   ,,,,,  1 ,  1 ,  0   ,,,,  1 ,  0   ,,
Turks and Caicos Islands,Males,,,  2 ,,,,,  1 ,  1 ,  2 ,,,,  3 ,  2 ,,
United States Virgin Islands,Females,  3 ,  2 ,  5 ,  3 ,  1 ,  3 ,  4 ,  3 ,  2 ,  2 ,  7 ,  3 ,  2 ,,,,
United States Virgin Islands,Males,  20 ,  26 ,  36 ,  28 ,  36 ,  34 ,  39 ,  40 ,  44 ,  48 ,  49 ,  42 ,  50 ,,,,
Belize,Females,,,,,  14 ,,,,,  9 ,  16 ,  12 ,  14 ,  10 ,  12 ,  9 ,  15
Belize,Males,,,,,  65 ,,,,,  88 ,  113 ,  112 ,  131 ,  89 ,  111 ,  110 ,  123
Costa Rica,Females,  40 ,  28 ,  34 ,  38 ,  39 ,  61 ,  45 ,  37 ,  60 ,  59 ,  61 ,  64 ,  50 ,  36 ,  51 ,,
Costa Rica,Males,  209 ,  229 ,  224 ,  262 ,  241 ,  274 ,  306 ,  332 ,  452 ,  466 ,  466 ,  410 ,  357 ,  375 ,  426 ,,
El Salvador,Females,,,,,,  398 ,  447 ,  340 ,  317 ,  592 ,  562 ,  628 ,  322 ,  217 ,  294 ,  575 ,  527
El Salvador,Males,,,,,,  3484 ,  3480 ,  3157 ,  2862 ,  3790 ,  3425 ,  3743 ,  2272 ,  2296 ,  3627 ,  6081 ,  4730
Guatemala,Females,,,,,  497 ,  518 ,  603 ,  590 ,  687 ,  720 ,  695 ,  632 ,  573 ,  654 ,  630 ,,
Guatemala,Males,,,,,  4010 ,  4820 ,  5282 ,  5191 ,  5605 ,  5778 ,  5265 ,  5049 ,  4582 ,  4599 ,  4368 ,,
Honduras,Females,,,,,,,  210 ,  324 ,  312 ,  364 ,  385 ,  483 ,  606 ,  490 ,  496 ,  478 ,  466
Honduras,Males,,,,,,,  2908 ,  3264 ,  4143 ,  4916 ,  5851 ,  6621 ,  6566 ,  5941 ,  5395 ,  4670 ,  4684
Mexico,Females,  1286 ,  1281 ,  1283 ,  1327 ,  1205 ,  1296 ,  1301 ,  1097 ,  1416 ,  1924 ,  2406 ,  2719 ,  2783 ,  2667 ,  2414 ,  2393 ,  2821
Mexico,Males,  9451 ,  9004 ,  8805 ,  8760 ,  8124 ,  8625 ,  9151 ,  7770 ,  12590 ,  17879 ,  23351 ,  24494 ,  23184 ,  20396 ,  17596 ,  18369 ,  21738
Nicaragua,Females,,,,,,,,,  58 ,  94 ,  78 ,  55 ,  64 ,  65 ,,  66 ,
Nicaragua,Males,,,,,,,,,  678 ,  708 ,  707 ,  683 ,  609 ,  529 ,,  458 ,
Panama,Females,  29 ,  27 ,  39 ,  36 ,  27 ,  36 ,  19 ,  21 ,  31 ,  40 ,  31 ,  26 ,  34 ,  50 ,  38 ,  49 ,  44
Panama,Males,  270 ,  279 ,  337 ,  301 ,  281 ,  328 ,  202 ,  258 ,  462 ,  522 ,  429 ,  523 ,  603 ,  613 ,  530 ,  398 ,  346
Bermuda,Females,,,,,  1 ,  0   ,,,,  1 ,  0   ,  2 ,  0   ,  0   ,  1 ,  0   ,  0
Bermuda,Males,,,,,  0   ,  2 ,,,,  5 ,  7 ,  6 ,  6 ,  5 ,  3 ,  4 ,  8
Canada,Females,  149 ,  162 ,  207 ,  156 ,  200 ,  180 ,  162 ,  166 ,  147 ,  162 ,  154 ,  179 ,  157 ,  151 ,  151 ,  176 ,  151
Canada,Males,  397 ,  392 ,  375 ,  393 ,  425 ,  484 ,  446 ,  431 ,  467 ,  448 ,  402 ,  427 ,  391 ,  358 ,  370 ,  428 ,  460
Greenland,Females,,,,,,,,,,,,,,,,  2 ,
Greenland,Males,,,,,,,,,,,,,,,,  2 ,
Saint Pierre and Miquelon,Females,,,,,,,  0   ,,,,,,,,,,
Saint Pierre and Miquelon,Males,,,,,,,  0   ,,,,,,,,,,
United States of America,Females,  3709 ,  4460 ,  3761 ,  3695 ,  3552 ,  3559 ,  3654 ,  3678 ,  3589 ,  3530 ,  3311 ,  3262 ,  3301 ,  3169 ,  3184 ,  3334 ,  3682
United States of America,Males,  11877 ,  14573 ,  12468 ,  12833 ,  12596 ,  13181 ,  13655 ,  13450 ,  12896 ,  11869 ,  11411 ,  11399 ,  11555 ,  11150 ,  10980 ,  12549 ,  13568
Argentina,Females,,,,,,,,,,,,,,,  427 ,  387 ,
Argentina,Males,,,,,,,,,,,,,,,  2800 ,  2450 ,
Bolivia,Females,,,,,,,,,  137 ,,,,,,,  241 ,  234
Bolivia,Males,,,,,,,,,  691 ,,,,,,,  430 ,  452
Brazil,Females,  3433 ,  3534 ,  3553 ,  3613 ,  3518 ,  3566 ,  3693 ,  3534 ,  3696 ,  3694 ,  3699 ,  4163 ,  4450 ,  4550 ,  4629 ,  4649 ,
Brazil,Males,  38162 ,  40440 ,  42032 ,  43215 ,  40861 ,  40079 ,  41393 ,  41091 ,  42189 ,  40824 ,  39573 ,  43921 ,  48604 ,  49613 ,  52462 ,  53810 ,
Chile,Females,,,,,,  83 ,  91 ,  111 ,  103 ,  99 ,  96 ,  115 ,  37 ,  108 ,  123 ,  67 ,  90
Chile,Males,,,,,,  493 ,  499 ,  505 ,  485 ,  531 ,  445 ,  521 ,  397 ,  448 ,  515 ,  467 ,  530
Colombia,Females,  1924 ,  2214 ,  2242 ,  2000 ,  1629 ,  1492 ,  1323 ,  1385 ,  1262 ,  1260 ,  1226 ,  1348 ,  1387 ,  1225 ,  1170 ,  1068 ,  1038
Colombia,Males,  24615 ,  25626 ,  26145 ,  21523 ,  18581 ,  16619 ,  16156 ,  15813 ,  14878 ,  14557 ,  14233 ,  14779 ,  15053 ,  14194 ,  12173 ,  11714 ,  11364
Ecuador,Females,  145 ,  148 ,  185 ,  182 ,  218 ,  166 ,  222 ,  229 ,  213 ,  276 ,  241 ,  251 ,  233 ,  253 ,  187 ,  179 ,  180
Ecuador,Males,  1688 ,  1510 ,  1721 ,  1755 ,  2172 ,  1955 ,  2163 ,  2044 ,  2394 ,  2349 ,  2382 ,  2093 ,  1690 ,  1472 ,  1124 ,  876 ,  779
French Guiana,Females,,,,,,,  4 ,  2 ,  1 ,  5 ,,,,,,,
French Guiana,Males,,,,,,,  39 ,  26 ,  31 ,  25 ,,,,,,,
Guyana,Females,,,,,,  28 ,  23 ,  28 ,  38 ,  29 ,  31 ,  34 ,  27 ,  30 ,,  28 ,  10
Guyana,Males,,,,,,  114 ,  130 ,  87 ,  120 ,  88 ,  109 ,  96 ,  112 ,  125 ,,  121 ,  132
Paraguay,Females,,,,,,,,  46 ,  59 ,  69 ,  73 ,  62 ,  73 ,  52 ,  69 ,  57 ,
Paraguay,Males,,,,,,,,  737 ,  774 ,  752 ,  668 ,  595 ,  576 ,  552 ,  509 ,  560 ,
Peru,Females,,,,,,,,,,,,  279 ,  317 ,  311 ,  345 ,  407 ,  518
Peru,Males,,,,,,,,,,,,  1338 ,  1651 ,  1702 ,  1731 ,  1840 ,  1917
Suriname,Females,,,,,,,,  15 ,  10 ,,,,,,,,
Suriname,Males,,,,,,,,  30 ,  33 ,,,,,,,,
Uruguay,Females,,,,,,,  43 ,  32 ,  44 ,  45 ,  41 ,  41 ,  38 ,  54 ,  51 ,  50 ,  42
Uruguay,Males,,,,,,,  159 ,  162 ,  177 ,  181 ,  164 ,  158 ,  229 ,  206 ,  217 ,  243 ,  223
Venezuela,Females,  520 ,  484 ,  845 ,  690 ,  598 ,  556 ,  670 ,  672 ,  735 ,  762 ,  789 ,  805 ,  941 ,,,,
Venezuela,Males,  7502 ,  7476 ,  8772 ,  10652 ,  9121 ,  9408 ,  11587 ,  12484 ,  13854 ,  13223 ,  12291 ,  13293 ,  15131 ,,,,
Kazakhstan,Females,,,,,,,,,  363 ,  416 ,  344 ,  329 ,  276 ,  280 ,  204 ,  251 ,
Kazakhstan,Males,,,,,,,,,  1444 ,  1355 ,  1043 ,  1091 ,  990 ,  840 ,  700 ,  602 ,
Kyrgyzstan,Females,  76 ,  68 ,  79 ,  94 ,  89 ,  90 ,  84 ,  100 ,  90 ,  131 ,,,,,,,
Kyrgyzstan,Males,  354 ,  318 ,  332 ,  327 ,  331 ,  329 ,  338 ,  326 ,  339 ,  288 ,,,,,,,
Tajikistan,Females,,,,,,,  40 ,  33 ,  38 ,  24 ,  23 ,  17 ,,,,,
Tajikistan,Males,,,,,,,  154 ,  99 ,  62 ,  73 ,  158 ,  109 ,,,,,
Turkmenistan,Females,,,,,,,  42 ,,,,,,,,,,
Turkmenistan,Males,,,,,,,  161 ,,,,,,,,,,
Uzbekistan,Females,,,,,,,,,  162 ,,,,,,,,
Uzbekistan,Males,,,,,,,,,  669 ,,,,,,,,
China,Females,,,,,,,,,,,,,,,  3412 ,,
China,Males,,,,,,,,,,,,,,,  6671 ,,
Hong Kong,Females,,,,,  20 ,  13 ,  18 ,  11 ,  25 ,  25 ,  19 ,  9 ,  12 ,  37 ,,,
Hong Kong,Males,,,,,  25 ,  21 ,  17 ,  7 ,  11 ,  22 ,  16 ,  8 ,  15 ,  25 ,,,
Macao,Females,,,,,,,,,  3 ,  4 ,  0   ,  3 ,  1 ,  1 ,  0   ,  1 ,  0
Macao,Males,,,,,,,,,  1 ,  2 ,  2 ,  1 ,  3 ,  0   ,  0   ,  0   ,  1
Taiwan,Females,,,,,,,,,,,,,,,,  53 ,
Taiwan,Males,,,,,,,,,,,,,,,,  139 ,
Japan,Females,,,,,  333 ,  319 ,  324 ,  282 ,  339 ,  253 ,  237 ,  234 ,  240 ,  191 ,  206 ,  218 ,  197
Japan,Males,,,,,  366 ,  324 ,  295 ,  292 ,  315 ,  253 ,  228 ,  208 ,  189 ,  179 ,  189 ,  145 ,  165
Mongolia,Females,,,,,,,,  66 ,  49 ,  59 ,  67 ,  60 ,  57 ,  56 ,  54 ,  43 ,  39
Mongolia,Males,,,,,,,,  227 ,  163 ,  160 ,  172 ,  206 ,  142 ,  149 ,  159 ,  141 ,  132
Republic of Korea,Females,,,,,,,,,,,,  224 ,,  180 ,  192 ,  191 ,  194
Republic of Korea,Males,,,,,,,,,,,,  203 ,,  162 ,  180 ,  174 ,  162
Brunei Darussalam,Females,  2 ,,,,,,,,,,,,,,,,
Brunei Darussalam,Males,  2 ,,,,,,,,,,,,,,,,
Cambodia,Females,,,,,,,,,,,,  43 ,,,,,
Cambodia,Males,,,,,,,,,,,,  225 ,,,,,
Indonesia,Females,,,,,,,,,,,,,,,  332 ,,
Indonesia,Males,,,,,,,,,,,,,,,  945 ,,
Lao People's Democratic Republic,Females,,,,,,,,,,,,,,,,  107 ,
Lao People's Democratic Republic,Males,,,,,,,,,,,,,,,,  360 ,
Malaysia,Females,,,,,,,,,,,  102 ,,,,,,
Malaysia,Males,,,,,,,,,,,  438 ,,,,,,
Myanmar,Females,,,,,,,,,,  131 ,  151 ,  100 ,  241 ,  208 ,  206 ,  193 ,  206
Myanmar,Males,,,,,,,,,,  748 ,  650 ,  955 ,  1195 ,  1030 ,  1024 ,  959 ,  992
Philippines,Females,,,,,,,,  952 ,  1197 ,  1574 ,  1248 ,  1041 ,  1087 ,,,,
Philippines,Males,,,,,,,,  5010 ,  4623 ,  7514 ,  7649 ,  7633 ,  7397 ,,,,
Singapore,Females,,,,,,,  5 ,  5 ,  11 ,  7 ,  3 ,  6 ,  6 ,  6 ,  7 ,  3 ,  7
Singapore,Males,,,,,,,  12 ,  13 ,  16 ,  13 ,  16 ,  10 ,  5 ,  11 ,  7 ,  11 ,  11
Thailand,Females,  902 ,,  698 ,  952 ,  504 ,  622 ,  580 ,  596 ,  526 ,  492 ,  457 ,  445 ,  475 ,  378 ,  404 ,,
Thailand,Males,  4240 ,,  3840 ,  5482 ,  3769 ,  4184 ,  4107 ,  3839 ,  3448 ,  3211 ,  3197 ,  2862 ,  2848 ,  2516 ,  2245 ,,
Timor-Leste,Females,,,,,,,,,,,,,,,,  10 ,
Timor-Leste,Males,,,,,,,,,,,,,,,,  39 ,
Viet Nam,Females,,,,,,,,,,,,  203 ,,,,,
Viet Nam,Males,,,,,,,,,,,,  1155 ,,,,,
Afghanistan,Females,,,,,,,,,,,,,  92 ,,,,
Afghanistan,Males,,,,,,,,,,,,,  1856 ,,,,
Bangladesh,Females,,,,,,,,,,,,,,,,  836 ,
Bangladesh,Males,,,,,,,,,,,,,,,,  3199 ,
Bhutan,Females,,,,,,,,,,,,,,,,  2 ,  4
Bhutan,Males,,,,,,,,,,,,,,,,  10 ,  5
India,Females,  16198 ,  15934 ,  15463 ,  14473 ,  15864 ,  15268 ,  15787 ,  16794 ,  16993 ,  17854 ,  17871 ,  18731 ,  18451 ,  17911 ,  18284 ,  17101 ,  17040
India,Males,  35146 ,  33469 ,  33248 ,  29858 ,  30626 ,  29827 ,  29312 ,  28568 ,  29006 ,  27970 ,  28589 ,  28909 ,  29027 ,  27967 ,  29072 ,  27284 ,  25638
Iran (Islamic Republic of),Females,,,,,,,,,,,,,,  292 ,  224 ,,
Iran (Islamic Republic of),Males,,,,,,,,,,,,,,  1745 ,  1712 ,,
Maldives,Females,,,,,,,,,,,,,,  1 ,,,
Maldives,Males,,,,,,,,,,,,,,  2 ,,,
Nepal,Females,,,,,,,,,,,,,,,  129 ,,
Nepal,Males,,,,,,,,,,,,,,,  429 ,,
Pakistan,Females,,,,,,,,,,,,,,,,  2164 ,
Pakistan,Males,,,,,,,,,,,,,,,,  7322 ,
Sri Lanka,Females,,,,,,,,,  349 ,  203 ,  168 ,  185 ,  171 ,  146 ,  125 ,  111 ,  130
Sri Lanka,Males,,,,,,,,,  1653 ,  896 ,  595 ,  547 ,  505 ,  473 ,  428 ,  376 ,  400
Armenia,Females,  26 ,  18 ,  20 ,  11 ,  22 ,  11 ,  26 ,  13 ,  26 ,  25 ,  10 ,  19 ,  19 ,  19 ,  20 ,  21 ,  16
Armenia,Males,  65 ,  70 ,  49 ,  65 ,  61 ,  47 ,  53 ,  64 ,  71 ,  72 ,  46 ,  52 ,  46 ,  44 ,  52 ,  54 ,  71
Azerbaijan,Females,,,,,,,,,,,  62 ,,  58 ,  70 ,  87 ,,  88
Azerbaijan,Males,,,,,,,,,,,  144 ,,  144 ,  151 ,  149 ,,  120
Bahrain,Females,,,,,,,,,,,,  2 ,,,,,
Bahrain,Males,,,,,,,,,,,,  5 ,,,,,
Cyprus,Females,,,,,  4 ,  2 ,  4 ,  3 ,  2 ,  7 ,  1 ,  6 ,  5 ,  3 ,  5 ,  2 ,  5
Cyprus,Males,,,,,  12 ,  18 ,  11 ,  10 ,  7 ,  12 ,  7 ,  3 ,  17 ,  9 ,  6 ,  13 ,  8
Georgia,Females,,,,,  34 ,  72 ,  45 ,  45 ,  43 ,  33 ,  28 ,,,,  33 ,,  34
Georgia,Males,,,,,  264 ,  331 ,  278 ,  285 ,  220 ,  177 ,  159 ,,,,  75 ,,  5
Iraq,Females,,,,,,,,,  628 ,  952 ,  482 ,  491 ,  510 ,  541 ,,,
Iraq,Males,,,,,,,,,  3968 ,  1602 ,  2209 ,  2143 ,  2187 ,  2798 ,,,
Iraq (Central Iraq),Females,,,,,,,,,  588 ,  923 ,  454 ,  459 ,  485 ,  517 ,  531 ,,
Iraq (Central Iraq),Males,,,,,,,,,  3864 ,  1535 ,  2099 ,  2059 ,  2109 ,  2711 ,  2498 ,,
Iraq (Kurdistan Region),Females,,,,,,,,,  62 ,  29 ,  28 ,  31 ,  24 ,  22 ,,,
Iraq (Kurdistan Region),Males,,,,,,,,,  82 ,  67 ,  110 ,  85 ,  79 ,  89 ,,,
Israel,Females,  37 ,  61 ,,  54 ,  46 ,  52 ,  45 ,  24 ,  30 ,  24 ,  32 ,  35 ,  25 ,,  23 ,,
Israel,Males,  110 ,  162 ,,  141 ,  127 ,  114 ,  137 ,  101 ,  106 ,  104 ,  113 ,  116 ,  109 ,,  95 ,,
Jordan,Females,,,,,,,,  29 ,  30 ,  36 ,  38 ,  28 ,  25 ,,,,  37
Jordan,Males,,,,,,,,  83 ,  90 ,  66 ,  78 ,  113 ,  136 ,,,,  108
Kuwait,Females,,,,  5 ,  11 ,  16 ,  6 ,  12 ,  11 ,  12 ,  13 ,  11 ,  10 ,,,,
Kuwait,Males,,,,  24 ,  32 ,  25 ,  39 ,  47 ,  27 ,  37 ,  47 ,  48 ,  51 ,,,,
Lebanon,Females,,,,,,,,,,,,,,,,  36 ,
Lebanon,Males,,,,,,,,,,,,,,,,  195 ,
Oman,Females,,,,,,,,,,,,,,,  5 ,,
Oman,Males,,,,,,,,,,,,,,,  21 ,,
Qatar,Females,,  1 ,,,  1 ,  4 ,  1 ,  3 ,  1 ,  2 ,  0   ,  0   ,  1 ,  1 ,  2 ,,
Qatar,Males,,  4 ,,,  4 ,  2 ,  4 ,  6 ,  11 ,  6 ,  4 ,  4 ,  6 ,  8 ,  7 ,,
Saudi Arabia,Females,,,,,,,,,,,,,,,,  157 ,
Saudi Arabia,Males,,,,,,,,,,,,,,,,  315 ,
State of Palestine,Females,,,,,,,,,,,  10 ,  3 ,  4 ,,,,
State of Palestine,Males,,,,,,,,,,,  22 ,  21 ,  22 ,,,,
Syrian Arab Republic,Females,,,,,,,,,,,  105 ,,,,,,
Syrian Arab Republic,Males,,,,,,,,,,,  358 ,,,,,,
Turkey,Females,,,,  588 ,  605 ,  608 ,  551 ,  615 ,  570 ,  1007 ,  634 ,  629 ,  606 ,,,,
Turkey,Males,,,,  2249 ,  2309 ,  2697 ,  2617 ,  2984 ,  2687 ,  2685 ,  2430 ,  2432 ,  2610 ,,,,
United Arab Emirates,Females,,,,,,,,,,,  18 ,  15 ,  17 ,  18 ,  16 ,  10 ,
United Arab Emirates,Males,,,,,,,,,,,  49 ,  36 ,  52 ,  39 ,  45 ,  50 ,
Yemen,Females,,,,,,,,,,,,,,  375 ,,,
Yemen,Males,,,,,,,,,,,,,,  1328 ,,,
Belarus,Females,,,,,,,,  222 ,  179 ,  198 ,  136 ,  117 ,  126 ,  103 ,  116 ,,
Belarus,Males,,,,,,,,  427 ,  362 ,  289 ,  265 ,  256 ,  214 ,  230 ,  224 ,,
Bulgaria,Females,  97 ,  62 ,  57 ,  52 ,  57 ,  52 ,  54 ,  38 ,  36 ,  35 ,  27 ,  30 ,  37 ,  34 ,  26 ,  29 ,  22
Bulgaria,Males,  235 ,  246 ,  198 ,  195 ,  187 ,  147 ,  132 ,  139 ,  136 ,  115 ,  121 ,  98 ,  104 ,  75 ,  90 ,  100 ,  59
Czechia,Females,  54 ,  53 ,  65 ,  58 ,  50 ,  45 ,  54 ,  55 ,  44 ,  38 ,  53 ,  44 ,  48 ,  51 ,  45 ,  49 ,  36
Czechia,Males,  127 ,  89 ,  84 ,  105 ,  84 ,  63 ,  76 ,  71 ,  70 ,  56 ,  50 ,  42 ,  57 ,  39 ,  36 ,  39 ,  29
Hungary,Females,  87 ,  85 ,  87 ,  91 ,  88 ,  76 ,  74 ,  63 ,  70 ,  63 ,  61 ,  42 ,  58 ,  71 ,  67 ,  102 ,  82
Hungary,Males,  118 ,  169 ,  116 ,  137 ,  121 ,  88 ,  100 ,  91 ,  111 ,  76 ,  77 ,  103 ,  66 ,  83 ,  79 ,  119 ,  120
Poland,Females,  229 ,  219 ,  204 ,  205 ,  154 ,  144 ,  140 ,  116 ,  125 ,  143 ,  134 ,  140 ,  102 ,  83 ,  75 ,,  70
Poland,Males,  626 ,  557 ,  512 ,  457 ,  479 ,  411 ,  350 ,  409 ,  335 ,  350 ,  302 ,  309 ,  275 ,  213 ,  207 ,,  186
Republic of Moldova,Females,  120 ,  120 ,  127 ,  107 ,  92 ,  100 ,  76 ,  68 ,  91 ,  71 ,  54 ,  56 ,  63 ,  56 ,  48 ,,
Republic of Moldova,Males,  313 ,  291 ,  274 ,  212 ,  185 ,  196 ,  186 ,  149 ,  145 ,  175 ,  213 ,  248 ,  166 ,  113 ,  82 ,,
Romania,Females,  161 ,  160 ,  176 ,  155 ,  166 ,  135 ,  139 ,  136 ,  156 ,  132 ,  133 ,  119 ,  126 ,  113 ,  99 ,  102 ,
Romania,Males,  420 ,  437 ,  387 ,  396 ,  350 ,  318 ,  299 ,  280 ,  314 ,  265 ,  271 ,  216 ,  252 ,  223 ,  199 ,  189 ,
Russian Federation,Females,  10337 ,  10756 ,  10716 ,  10305 ,  9641 ,  8849 ,  7215 ,  6196 ,  5722 ,  5342 ,,,,,,,
Russian Federation,Males,  30753 ,  32165 ,  33536 ,  31459 ,  29615 ,  26787 ,  21629 ,  19181 ,  18016 ,  16029 ,,,,,,,
Slovakia,Females,  34 ,  33 ,  49 ,  47 ,  36 ,  32 ,  15 ,  28 ,  24 ,  32 ,  31 ,  31 ,  18 ,  23 ,  33 ,  14 ,  20
Slovakia,Males,  95 ,  85 ,  72 ,  90 ,  72 ,  61 ,  67 ,  54 ,  62 ,  46 ,  51 ,  57 ,  45 ,  48 ,  36 ,  30 ,  37
Ukraine,Females,  1309 ,  1486 ,  1315 ,  1266 ,  1110 ,  959 ,  909 ,,  739 ,  705 ,  603 ,,,,,,
Ukraine,Males,  3109 ,  3368 ,  2981 ,  2775 ,  2377 ,  2071 ,  2049 ,,  1727 ,  1535 ,  1385 ,,,,,,
Denmark,Females,  28 ,  19 ,  12 ,  29 ,  16 ,  16 ,  10 ,  16 ,  17 ,  15 ,  22 ,  15 ,  16 ,  13 ,  31 ,  23 ,  23
Denmark,Males,  30 ,  33 ,  44 ,  36 ,  27 ,  37 ,  19 ,  23 ,  37 ,  32 ,  20 ,  31 ,  31 ,  35 ,  42 ,  33 ,  33
Estonia,Females,  26 ,  30 ,  32 ,  40 ,  16 ,  28 ,  25 ,  19 ,  19 ,  22 ,  16 ,  14 ,  17 ,  18 ,  9 ,  10 ,
Estonia,Males,  117 ,  107 ,  110 ,  107 ,  75 ,  85 ,  66 ,  77 ,  67 ,  48 ,  54 ,  51 ,  46 ,  34 ,  32 ,  32 ,
Finland,Females,  46 ,  48 ,  44 ,  30 ,  33 ,  35 ,  37 ,  48 ,  44 ,  34 ,  28 ,  37 ,  40 ,  24 ,  27 ,  16 ,  24
Finland,Males,  102 ,  108 ,  88 ,  73 ,  115 ,  84 ,  82 ,  81 ,  89 ,  86 ,  91 ,  73 ,  48 ,  65 ,  61 ,  66 ,  54
Iceland,Females,,,,,,  0   ,,  0   ,,  0   ,  0   ,  1 ,  1 ,  0   ,  2 ,  0   ,  1
Iceland,Males,,,,,,  3 ,,  2 ,,  1 ,  2 ,  2 ,  0   ,  1 ,  0   ,  3 ,  0
Ireland,Females,  8 ,  8 ,  11 ,  8 ,  5 ,  8 ,  16 ,  11 ,  10 ,  10 ,  7 ,  2 ,  13 ,  8 ,,,
Ireland,Males,  29 ,  44 ,  41 ,  29 ,  25 ,  44 ,  46 ,  67 ,  40 ,  46 ,  46 ,  41 ,  40 ,  44 ,,,
Latvia,Females,,,,,,,,,,,,,  37 ,  24 ,  37 ,  29 ,
Latvia,Males,,,,,,,,,,,,,  33 ,  26 ,  27 ,  38 ,
Lithuania,Females,  102 ,  89 ,  70 ,  104 ,  130 ,  100 ,  75 ,  72 ,  81 ,  64 ,  75 ,  66 ,  53 ,  60 ,  53 ,  49 ,  46
Lithuania,Males,  268 ,  264 ,  223 ,  240 ,  213 ,  272 ,  213 ,  205 ,  217 ,  188 ,  144 ,  145 ,  149 ,  138 ,  106 ,  123 ,  107
Norway,Females,  22 ,  15 ,  15 ,  24 ,  13 ,  14 ,  21 ,  17 ,  10 ,  12 ,  15 ,  52 ,  9 ,  20 ,  13 ,  14 ,  11
Norway,Males,  26 ,  22 ,  31 ,  27 ,  23 ,  19 ,  12 ,  13 ,  24 ,  17 ,  14 ,  59 ,  18 ,  26 ,  16 ,  10 ,  16
Sweden,Females,  37 ,  29 ,  36 ,  27 ,  41 ,  31 ,  36 ,  32 ,  28 ,  38 ,  27 ,  25 ,  21 ,  26 ,  25 ,  29 ,  29
Sweden,Males,  59 ,  58 ,  65 ,  58 ,  66 ,  52 ,  55 ,  79 ,  54 ,  55 ,  64 ,  56 ,  47 ,  61 ,  62 ,  83 ,  77
United Kingdom (England and Wales),Females,  315 ,  324 ,  342 ,  323 ,  322 ,  281 ,  298 ,  307 ,  262 ,  193 ,  257 ,  170 ,  222 ,  205 ,  199 ,  232 ,  269
United Kingdom (England and Wales),Males,  449 ,  469 ,  602 ,  452 ,  457 ,  427 ,  412 ,  422 ,  377 ,  402 ,  376 ,  356 ,  321 ,  316 ,  312 ,  336 ,  440
United Kingdom (Northern Ireland),Females,,,,,,  7 ,  7 ,  7 ,  4 ,  5 ,  5 ,  4 ,  3 ,  5 ,  7 ,  4 ,  2
United Kingdom (Northern Ireland),Males,,,,,,  24 ,  23 ,  22 ,  20 ,  24 ,  18 ,  18 ,  18 ,  15 ,  10 ,  19 ,  16
United Kingdom (Scotland),Females,  36 ,  22 ,  20 ,  15 ,  27 ,  13 ,  20 ,  24 ,  28 ,  27 ,  21 ,  20 ,  12 ,  15 ,  15 ,  16 ,  16
United Kingdom (Scotland),Males,  70 ,  94 ,  105 ,  94 ,  110 ,  82 ,  100 ,  91 ,  71 ,  55 ,  79 ,  73 ,  51 ,  47 ,  47 ,  42 ,  48
United Kingdom of Great Britain and Northern Ireland,Females,,,,,,  312 ,  339 ,  349 ,  300 ,  225 ,  291 ,  194 ,  244 ,  230 ,  224 ,  257 ,  291
United Kingdom of Great Britain and Northern Ireland,Males,,,,,,  522 ,  521 ,  524 ,  462 ,  481 ,  465 ,  447 ,  383 ,  373 ,  366 ,  392 ,  500
Albania,Females,  13 ,  39 ,  39 ,  21 ,  19 ,  21 ,  23 ,  24 ,  19 ,  7 ,  19 ,  22 ,  26 ,  24 ,  13 ,  14 ,  15
Albania,Males,  118 ,  181 ,  177 ,  145 ,  112 ,  133 ,  72 ,  81 ,  74 ,  78 ,  108 ,  120 ,  131 ,  100 ,  104 ,  52 ,  64
Andorra,Females,,,,,,,,  0   ,  1 ,  0   ,  0   ,  0   ,  0   ,  0   ,  0   ,  0   ,
Andorra,Males,,,,,,,,  0   ,  0   ,  0   ,  0   ,  1 ,  0   ,  0   ,  0   ,  0   ,
Bosnia and Herzegovina,Females,  20 ,  29 ,  25 ,,,,,,,  15 ,  10 ,  16 ,  24 ,  14 ,  11 ,  18 ,  15
Bosnia and Herzegovina,Males,  79 ,  53 ,  65 ,,,,,,,  56 ,  46 ,  35 ,  39 ,  32 ,  39 ,  39 ,  30
Croatia,Females,  32 ,  28 ,  32 ,  22 ,  37 ,  27 ,  32 ,  24 ,  24 ,  24 ,  32 ,  21 ,  18 ,  21 ,  17 ,  15 ,  20
Croatia,Males,  69 ,  53 ,  41 ,  47 ,  46 ,  41 ,  42 ,  38 ,  47 ,  25 ,  30 ,  28 ,  33 ,  25 ,  19 ,  22 ,  24
Greece,Females,,  36 ,  24 ,  33 ,  30 ,  44 ,  22 ,  35 ,  33 ,  25 ,  34 ,  32 ,  39 ,  50 ,  27 ,  30 ,  26
Greece,Males,,  96 ,  71 ,  89 ,  81 ,  88 ,  88 ,  95 ,  111 ,  127 ,  142 ,  152 ,  127 ,  103 ,  80 ,  63 ,  58
Holy See,Females,,,,,,,,,,  0   ,  0   ,  0   ,  0   ,  0   ,  0   ,  0   ,
Holy See,Males,,,,,,,,,,  0   ,  0   ,  0   ,  0   ,  0   ,  0   ,  0   ,
Italy,Females,  191 ,  171 ,  183 ,  198 ,,  136 ,  178 ,  150 ,  148 ,  173 ,  154 ,  166 ,  163 ,  179 ,  147 ,  136 ,  149
Italy,Males,  575 ,  538 ,  461 ,  521 ,,  474 ,  447 ,  481 ,  467 ,  417 ,  375 ,  386 ,  367 ,  323 ,  328 ,  333 ,  251
Kosovo under UNSCR 1244,Females,,,,,,,,,  26 ,  11 ,  20 ,  9 ,  11 ,  4 ,  6 ,  5 ,  4
Kosovo under UNSCR 1244,Males,,,,,,,,,  87 ,  62 ,  86 ,  53 ,  79 ,  37 ,  35 ,  25 ,  25
Malta,Females,,,,,  4 ,  2 ,  0   ,  1 ,  1 ,  3 ,  1 ,  3 ,  3 ,  0   ,  1 ,  2 ,
Malta,Males,,,,,  3 ,  2 ,  0   ,  3 ,  5 ,  1 ,  3 ,  0   ,  9 ,  7 ,  5 ,  2 ,
Montenegro,Females,,,,,,,,  3 ,  5 ,  7 ,  7 ,  3 ,  3 ,  1 ,  4 ,  3 ,  3
Montenegro,Males,,,,,,,,  9 ,  19 ,  14 ,  8 ,  18 ,  14 ,  9 ,  16 ,  14 ,  25
Portugal,Females,  36 ,  25 ,  37 ,  33 ,  39 ,  33 ,  42 ,  52 ,  36 ,  38 ,  42 ,  39 ,  41 ,  52 ,  48 ,,
Portugal,Males,  80 ,  80 ,  82 ,  116 ,  105 ,  102 ,  113 ,  133 ,  88 ,  92 ,  82 ,  75 ,  81 ,  92 ,  44 ,,
San Marino,Females,  0   ,  0   ,  1 ,  0   ,  0   ,  0   ,  0   ,  0   ,  0   ,  0   ,  0   ,  0   ,,,,,
San Marino,Males,  0   ,  0   ,  0   ,  0   ,  0   ,  0   ,  0   ,  0   ,  0   ,  0   ,  0   ,  0   ,,,,,
Serbia,Females,  60 ,  76 ,  56 ,  67 ,  51 ,  45 ,  51 ,  55 ,  38 ,  38 ,  42 ,  39 ,  38 ,  47 ,  38 ,  31 ,  41
Serbia,Males,  168 ,  167 ,  144 ,  109 ,  113 ,  102 ,  105 ,  116 ,  102 ,  116 ,  88 ,  96 ,  73 ,  95 ,  82 ,  73 ,  82
Slovenia,Females,,,,,  7 ,  10 ,  3 ,  8 ,  5 ,  7 ,  8 ,  7 ,  6 ,  3 ,  6 ,  11 ,  2
Slovenia,Males,,,,,  20 ,  10 ,  9 ,  16 ,  5 ,  6 ,  7 ,  9 ,  8 ,  9 ,  11 ,  9 ,  8
Spain,Females,,  133 ,  134 ,  171 ,  188 ,  129 ,  160 ,  167 ,  127 ,  136 ,  156 ,  128 ,  125 ,  121 ,  128 ,  121 ,  113
Spain,Males,,  444 ,  430 ,  416 ,  332 ,  389 ,  316 ,  315 ,  280 ,  276 ,  245 ,  257 ,  239 ,  181 ,  195 ,  181 ,  181
The former Yugoslav Republic of Macedonia,Females,  12 ,,  9 ,  17 ,  12 ,  9 ,  9 ,  11 ,  9 ,  12 ,  15 ,  4 ,  11 ,  7 ,  10 ,,
The former Yugoslav Republic of Macedonia,Males,  35 ,,  51 ,  53 ,  37 ,  35 ,  37 ,  31 ,  26 ,  23 ,  28 ,  26 ,  18 ,  15 ,  23 ,,
Austria,Females,  54 ,  42 ,  38 ,  23 ,  32 ,  24 ,  29 ,  24 ,  29 ,  28 ,  30 ,  35 ,  38 ,  30 ,  23 ,  17 ,  32
Austria,Males,  28 ,  28 ,  27 ,  27 ,  27 ,  30 ,  32 ,  21 ,  29 ,  23 ,  28 ,  40 ,  41 ,  32 ,  22 ,  29 ,  25
Belgium,Females,  83 ,  103 ,  132 ,  94 ,  126 ,  92 ,  88 ,  87 ,  71 ,  76 ,  69 ,  92 ,  77 ,  99 ,  80 ,,
Belgium,Males,  129 ,  179 ,  187 ,  136 ,  142 ,  129 ,  133 ,  124 ,  132 ,  113 ,  120 ,  122 ,  128 ,  106 ,  128 ,,
France,Females,,,,,,,,,,,,,,,,  384 ,  343
France,Males,,,,,,,,,,,,,,,,  633 ,  532
Germany,Females,  473 ,  393 ,  440 ,  381 ,  398 ,  391 ,  387 ,  362 ,  337 ,  386 ,  393 ,  338 ,  296 ,  328 ,  339 ,  327 ,  469
Germany,Males,  542 ,  532 ,  515 ,  478 ,  470 ,  478 ,  421 ,  395 ,  385 ,  417 ,  400 ,  400 ,  363 ,  354 ,  377 ,  355 ,  494
Liechtenstein,Females,,,,,,,,,,  0   ,  0   ,  0   ,  0   ,  0   ,  0   ,  0   ,  0
Liechtenstein,Males,,,,,,,,,,  0   ,  1 ,  0   ,  0   ,  0   ,  1 ,  0   ,  0
Luxembourg,Females,,  4 ,,,  1 ,,  2 ,  3 ,,  0   ,  5 ,  0   ,  0   ,,  2 ,,
Luxembourg,Males,,  5 ,,,  1 ,,  5 ,  4 ,,  5 ,  5 ,  4 ,  0   ,,  2 ,,
Monaco,Females,,,,,,,,,,,,,,  0   ,,  0   ,
Monaco,Males,,,,,,,,,,,,,,  0   ,,  0   ,
Netherlands,Females,  60 ,  68 ,  61 ,  73 ,  53 ,  57 ,  49 ,  47 ,  47 ,  50 ,  54 ,  50 ,  50 ,  56 ,  30 ,  42 ,  30
Netherlands,Males,  120 ,  134 ,  134 ,  129 ,  138 ,  117 ,  79 ,  96 ,  103 ,  104 ,  90 ,  93 ,  95 ,  69 ,  93 ,  62 ,  64
Switzerland,Females,  39 ,  37 ,  49 ,  39 ,  38 ,  38 ,  38 ,  26 ,  25 ,  27 ,  26 ,  23 ,  17 ,  32 ,  24 ,  30 ,  25
Switzerland,Males,  30 ,  49 ,  37 ,  34 ,  40 ,  38 ,  22 ,  25 ,  29 ,  24 ,  26 ,  23 ,  28 ,  25 ,  17 ,  27 ,  20
Australia,Females,  136 ,  116 ,  121 ,  109 ,  106 ,  97 ,  92 ,  87 ,  100 ,  74 ,  93 ,  90 ,  83 ,  94 ,  94 ,  84 ,  80
Australia,Males,  226 ,  231 ,  245 ,  232 ,  196 ,  162 ,  189 ,  168 ,  161 ,  189 ,  138 ,  158 ,  160 ,  151 ,  149 ,  152 ,  147
New Zealand,Females,  21 ,  21 ,  27 ,  14 ,  12 ,  27 ,  17 ,  19 ,  23 ,  25 ,  23 ,  15 ,  21 ,  12 ,  14 ,,
New Zealand,Males,  31 ,  30 ,  33 ,  30 ,  33 ,  34 ,  32 ,  29 ,  28 ,  42 ,  20 ,  24 ,  20 ,  34 ,  31 ,,
Fiji,Females,,,,,,  9 ,  12 ,  18 ,  10 ,  8 ,  6 ,  9 ,  7 ,  8 ,  12 ,,
Fiji,Males,,,,,,  14 ,  10 ,  3 ,  7 ,  21 ,  14 ,  11 ,  13 ,  11 ,  8 ,,
Papua New Guinea,Females,,,,,,,,  119 ,,,,,,,,,
Papua New Guinea,Males,,,,,,,,  401 ,,,,,,,,,
Solomon Islands,Females,,,,,,,,,  4 ,,,,,,,,
Solomon Islands,Males,,,,,,,,,  15 ,,,,,,,,
Vanuatu,Females,,,,,,,,,,,,,,,,  1 ,
Vanuatu,Males,,,,,,,,,,,,,,,,  4 ,
Guam,Females,,,,,,,,,,,,  1 ,,,,,
Guam,Males,,,,,,,,,,,,  3 ,,,,,
Kiribati,Females,,,,,,,,,,,,,  2 ,,,,
Kiribati,Males,,,,,,,,,,,,,  6 ,,,,
Micronesia,Females,,,,,,,,,,,,,,,,  1 ,
Micronesia,Males,,,,,,,,,,,,,,,,  4 ,
American Samoa,Females,,,,,,,,,,,,,,,,  1 ,
American Samoa,Males,,,,,,,,,,,,,,,,  3 ,
Samoa,Females,,,,,,,,,,,,,,  1 ,,,
Samoa,Males,,,,,,,,,,,,,,  5 ,,,
Tonga,Females,  0   ,  1 ,  1 ,  0   ,  0   ,  0   ,  0   ,  0   ,  1 ,  3 ,  0   ,  0   ,  1 ,,,,
Tonga,Males,  1 ,  5 ,  5 ,  6 ,  2 ,  4 ,  8 ,  1 ,  3 ,  5 ,  1 ,  2 ,  0   ,,,,
